gate,param_1,param_2,param_3
RX,15.70989327341467,29.5230665326707,0.7499810441330634
RY,7.8787724942614235,22.001319411513432,1.098524473819202
RX,15.70989327341467,29.5230665326707,0.7499810441330634
RY,7.8787724942614235,22.001319411513432,1.098524473819202
RX,15.70989327341467,29.5230665326707,0.7499810441330634
RX,15.70989327341467,29.5230665326707,0.7499810441330634
RY,7.8787724942614235,22.001319411513432,1.098524473819202
