gate,param_1,param_2,param_3
RX,14.28639126692501,28.415806569721163,0.8499999999298803
RX,14.28639126692501,28.415806569721163,0.8499999999298803
RX,14.677920379706809,28.76500185291217,0.8500000000000044
