gate,param_1,param_2,param_3
RX,15.709893273503827,29.52306653174729,0.749981044152588
RY,8.122970688763385,22.19638770459506,0.888369232328144
CX,-3.381357456460422,18.544587257958618,1.129674883426045,1.0,5.428790411868349,18.788170089519454,0.8862079819375187
CX,-2.811434270264648,17.53435196276912,1.1272383293608703,1.0,6.043609322307512,13.003782810018786,1.9170650145687118
CX,-2.811434270264648,17.53435196276912,1.1272383293608703,1.0,6.043609322307512,13.003782810018786,1.9170650145687118
CX,-3.381357456460422,18.544587257958618,1.129674883426045,1.0,5.428790411868349,18.788170089519454,0.8862079819375187
CX,-3.381357456460422,18.544587257958618,1.129674883426045,1.0,5.428790411868349,18.788170089519454,0.8862079819375187
CX,7.951920934692106,21.655479574101687,0.8929524493211076,0.9548359253748596,7.94488020182026,21.61729834699293,0.9067943033364354
CX,7.951920934692106,21.655479574101687,0.8929524493211076,0.9548359253748596,7.94488020182026,21.61729834699293,0.9067943033364354
