gate,param_1,param_2,param_3
RX,15.709893273503827,29.52306653174729,0.749981044152588
RY,8.122970688763385,22.19638770459506,0.888369232328144
